{
    "name": "jInvertScroll",
    "title": "jInvertScroll",
    "description": "jQuery plugin horizontal parallax scrolling.",
    "keywords": [
    "color",
    "animation"
    ],
    "version": "0.8.0",
    "author": {
    "name": "pixxelfactory",
    "url": "http://www.pixxelfactory.net"
    },
    "maintainers": [
    {
    "name": "pixxelfactory",
    "email": "box@pixxelfactory.net",
    "url": "http://www.pixxelfactory.net"
    }
    ],
    "licenses": [
    {
    "type": "MIT",
    "url": "http://www.pixxelfactory.net/jInvertScroll/license.php"
    }
    ],
    "bugs": "https://github.com/pixxelfactory/jInvertScroll/issues",
    "homepage": "http://www.pixxelfactory.net/jInvertScroll",
    "docs": "http://www.pixxelfactory.net/jInvertScroll",
    "download": "http://www.pixxelfactory.net/jInvertScroll",
    "dependencies": {
        "jquery": ">=1.8"
    }
}